DriverNumber,BroadcastName,Abbreviation,DriverId,TeamName,TeamColor,TeamId,FirstName,LastName,FullName,HeadshotUrl,CountryCode,Position,ClassifiedPosition,GridPosition,Q1,Q2,Q3,Time,Status,Points,Laps,GrandPrix
1,M VERSTAPPEN,VER,max_verstappen,Red Bull Racing,3671C6,red_bull,Max,Verstappen,Max Verstappen,https://www.formula1.com/content/dam/fom-website/drivers/M/MAXVER01_Max_Verstappen/maxver01.png.transform/1col/image.png,NED,1.0,1,1.0,,,,0 days 02:32:38.371000,Finished,25.0,58.0,Australia
44,L HAMILTON,HAM,hamilton,Mercedes,6CD3BF,mercedes,Lewis,Hamilton,Lewis Hamilton,https://www.formula1.com/content/dam/fom-website/drivers/L/LEWHAM01_Lewis_Hamilton/lewham01.png.transform/1col/image.png,GBR,2.0,2,3.0,,,,0 days 00:00:00.179000,Finished,18.0,58.0,Australia
14,F ALONSO,ALO,alonso,Aston Martin,358C75,aston_martin,Fernando,Alonso,Fernando Alonso,https://www.formula1.com/content/dam/fom-website/drivers/F/FERALO01_Fernando_Alonso/feralo01.png.transform/1col/image.png,ESP,3.0,3,4.0,,,,0 days 00:00:00.769000,Finished,15.0,58.0,Australia
18,L STROLL,STR,stroll,Aston Martin,358C75,aston_martin,Lance,Stroll,Lance Stroll,https://www.formula1.com/content/dam/fom-website/drivers/L/LANSTR01_Lance_Stroll/lanstr01.png.transform/1col/image.png,CAN,4.0,4,6.0,,,,0 days 00:00:03.082000,Finished,12.0,58.0,Australia
11,S PEREZ,PER,perez,Red Bull Racing,3671C6,red_bull,Sergio,Perez,Sergio Perez,https://www.formula1.com/content/dam/fom-website/drivers/S/SERPER01_Sergio_Perez/serper01.png.transform/1col/image.png,MEX,5.0,5,20.0,,,,0 days 00:00:03.320000,Finished,11.0,58.0,Australia
4,L NORRIS,NOR,norris,McLaren,F58020,mclaren,Lando,Norris,Lando Norris,https://www.formula1.com/content/dam/fom-website/drivers/L/LANNOR01_Lando_Norris/lannor01.png.transform/1col/image.png,GBR,6.0,6,13.0,,,,0 days 00:00:03.701000,Finished,8.0,58.0,Australia
27,N HULKENBERG,HUL,hulkenberg,Haas F1 Team,B6BABD,haas,Nico,Hulkenberg,Nico Hulkenberg,https://www.formula1.com/content/dam/fom-website/drivers/N/NICHUL01_Nico_Hulkenberg/nichul01.png.transform/1col/image.png,GER,7.0,7,10.0,,,,0 days 00:00:04.939000,Finished,6.0,58.0,Australia
81,O PIASTRI,PIA,piastri,McLaren,F58020,mclaren,Oscar,Piastri,Oscar Piastri,https://www.formula1.com/content/dam/fom-website/drivers/O/OSCPIA01_Oscar_Piastri/oscpia01.png.transform/1col/image.png,AUS,8.0,8,16.0,,,,0 days 00:00:05.382000,Finished,4.0,58.0,Australia
24,G ZHOU,ZHO,zhou,Alfa Romeo,C92D4B,alfa,Guanyu,Zhou,Guanyu Zhou,https://www.formula1.com/content/dam/fom-website/drivers/G/GUAZHO01_Guanyu_Zhou/guazho01.png.transform/1col/image.png,CHN,9.0,9,17.0,,,,0 days 00:00:05.713000,Finished,2.0,58.0,Australia
22,Y TSUNODA,TSU,tsunoda,AlphaTauri,5E8FAA,alphatauri,Yuki,Tsunoda,Yuki Tsunoda,https://www.formula1.com/content/dam/fom-website/drivers/Y/YUKTSU01_Yuki_Tsunoda/yuktsu01.png.transform/1col/image.png,JPN,10.0,10,12.0,,,,0 days 00:00:06.052000,Finished,1.0,58.0,Australia
77,V BOTTAS,BOT,bottas,Alfa Romeo,C92D4B,alfa,Valtteri,Bottas,Valtteri Bottas,https://www.formula1.com/content/dam/fom-website/drivers/V/VALBOT01_Valtteri_Bottas/valbot01.png.transform/1col/image.png,FIN,11.0,11,19.0,,,,0 days 00:00:06.513000,Finished,0.0,58.0,Australia
55,C SAINZ,SAI,sainz,Ferrari,F91536,ferrari,Carlos,Sainz,Carlos Sainz,https://www.formula1.com/content/dam/fom-website/drivers/C/CARSAI01_Carlos_Sainz/carsai01.png.transform/1col/image.png,ESP,12.0,12,5.0,,,,0 days 00:00:06.594000,Finished,0.0,58.0,Australia
10,P GASLY,GAS,gasly,Alpine,2293D1,alpine,Pierre,Gasly,Pierre Gasly,https://www.formula1.com/content/dam/fom-website/drivers/P/PIEGAS01_Pierre_Gasly/piegas01.png.transform/1col/image.png,FRA,13.0,13,9.0,,,,,Finished,0.0,56.0,Australia
31,E OCON,OCO,ocon,Alpine,2293D1,alpine,Esteban,Ocon,Esteban Ocon,https://www.formula1.com/content/dam/fom-website/drivers/E/ESTOCO01_Esteban_Ocon/estoco01.png.transform/1col/image.png,FRA,14.0,14,11.0,,,,,Finished,0.0,56.0,Australia
21,N DE VRIES,DEV,de_vries,AlphaTauri,5E8FAA,alphatauri,Nyck,De Vries,Nyck De Vries,https://www.formula1.com/content/dam/fom-website/drivers/N/NYCDEV01_Nyck_De%20Vries/nycdev01.png.transform/1col/image.png,NED,15.0,15,15.0,,,,,Finished,0.0,56.0,Australia
2,L SARGEANT,SAR,sargeant,Williams,37BEDD,williams,Logan,Sargeant,Logan Sargeant,https://www.formula1.com/content/dam/fom-website/drivers/L/LOGSAR01_Logan_Sargeant/logsar01.png.transform/1col/image.png,USA,16.0,16,18.0,,,,,Finished,0.0,56.0,Australia
20,K MAGNUSSEN,MAG,kevin_magnussen,Haas F1 Team,B6BABD,haas,Kevin,Magnussen,Kevin Magnussen,https://www.formula1.com/content/dam/fom-website/drivers/K/KEVMAG01_Kevin_Magnussen/kevmag01.png.transform/1col/image.png,DEN,17.0,17,14.0,,,,,Finished,0.0,52.0,Australia
63,G RUSSELL,RUS,russell,Mercedes,6CD3BF,mercedes,George,Russell,George Russell,https://www.formula1.com/content/dam/fom-website/drivers/G/GEORUS01_George_Russell/georus01.png.transform/1col/image.png,GBR,18.0,R,2.0,,,,,Retired,0.0,17.0,Australia
23,A ALBON,ALB,albon,Williams,37BEDD,williams,Alexander,Albon,Alexander Albon,https://www.formula1.com/content/dam/fom-website/drivers/A/ALEALB01_Alexander_Albon/alealb01.png.transform/1col/image.png,THA,19.0,R,8.0,,,,,Retired,0.0,6.0,Australia
16,C LECLERC,LEC,leclerc,Ferrari,F91536,ferrari,Charles,Leclerc,Charles Leclerc,https://www.formula1.com/content/dam/fom-website/drivers/C/CHALEC01_Charles_Leclerc/chalec01.png.transform/1col/image.png,MON,20.0,R,7.0,,,,,Retired,0.0,0.0,Australia
1,M VERSTAPPEN,VER,max_verstappen,Red Bull Racing,3671C6,red_bull,Max,Verstappen,Max Verstappen,https://www.formula1.com/content/dam/fom-website/drivers/M/MAXVER01_Max_Verstappen/maxver01.png.transform/1col/image.png,NED,1.0,1,1.0,,,,0 days 01:25:33.607000,Finished,26.0,71.0,Austria
16,C LECLERC,LEC,leclerc,Ferrari,F91536,ferrari,Charles,Leclerc,Charles Leclerc,https://www.formula1.com/content/dam/fom-website/drivers/C/CHALEC01_Charles_Leclerc/chalec01.png.transform/1col/image.png,MON,2.0,2,2.0,,,,0 days 00:00:05.155000,Finished,18.0,71.0,Austria
11,S PEREZ,PER,perez,Red Bull Racing,3671C6,red_bull,Sergio,Perez,Sergio Perez,https://www.formula1.com/content/dam/fom-website/drivers/S/SERPER01_Sergio_Perez/serper01.png.transform/1col/image.png,MEX,3.0,3,15.0,,,,0 days 00:00:17.188000,Finished,15.0,71.0,Austria
4,L NORRIS,NOR,norris,McLaren,F58020,mclaren,Lando,Norris,Lando Norris,https://www.formula1.com/content/dam/fom-website/drivers/L/LANNOR01_Lando_Norris/lannor01.png.transform/1col/image.png,GBR,4.0,4,4.0,,,,0 days 00:00:26.327000,Finished,12.0,71.0,Austria
14,F ALONSO,ALO,alonso,Aston Martin,358C75,aston_martin,Fernando,Alonso,Fernando Alonso,https://www.formula1.com/content/dam/fom-website/drivers/F/FERALO01_Fernando_Alonso/feralo01.png.transform/1col/image.png,ESP,5.0,5,7.0,,,,0 days 00:00:30.317000,Finished,10.0,71.0,Austria
55,C SAINZ,SAI,sainz,Ferrari,F91536,ferrari,Carlos,Sainz,Carlos Sainz,https://www.formula1.com/content/dam/fom-website/drivers/C/CARSAI01_Carlos_Sainz/carsai01.png.transform/1col/image.png,ESP,6.0,6,3.0,,,,0 days 00:00:31.377000,Finished,8.0,71.0,Austria
63,G RUSSELL,RUS,russell,Mercedes,6CD3BF,mercedes,George,Russell,George Russell,https://www.formula1.com/content/dam/fom-website/drivers/G/GEORUS01_George_Russell/georus01.png.transform/1col/image.png,GBR,7.0,7,11.0,,,,0 days 00:00:48.403000,Finished,6.0,71.0,Austria
44,L HAMILTON,HAM,hamilton,Mercedes,6CD3BF,mercedes,Lewis,Hamilton,Lewis Hamilton,https://www.formula1.com/content/dam/fom-website/drivers/L/LEWHAM01_Lewis_Hamilton/lewham01.png.transform/1col/image.png,GBR,8.0,8,5.0,,,,0 days 00:00:49.196000,Finished,4.0,71.0,Austria
18,L STROLL,STR,stroll,Aston Martin,358C75,aston_martin,Lance,Stroll,Lance Stroll,https://www.formula1.com/content/dam/fom-website/drivers/L/LANSTR01_Lance_Stroll/lanstr01.png.transform/1col/image.png,CAN,9.0,9,6.0,,,,0 days 00:00:59.043000,Finished,2.0,71.0,Austria
10,P GASLY,GAS,gasly,Alpine,2293D1,alpine,Pierre,Gasly,Pierre Gasly,https://www.formula1.com/content/dam/fom-website/drivers/P/PIEGAS01_Pierre_Gasly/piegas01.png.transform/1col/image.png,FRA,10.0,10,9.0,,,,0 days 00:01:07.667000,Finished,1.0,71.0,Austria
23,A ALBON,ALB,albon,Williams,37BEDD,williams,Alexander,Albon,Alexander Albon,https://www.formula1.com/content/dam/fom-website/drivers/A/ALEALB01_Alexander_Albon/alealb01.png.transform/1col/image.png,THA,11.0,11,10.0,,,,0 days 00:01:19.767000,Finished,0.0,71.0,Austria
24,G ZHOU,ZHO,zhou,Alfa Romeo,C92D4B,alfa,Guanyu,Zhou,Guanyu Zhou,https://www.formula1.com/content/dam/fom-website/drivers/G/GUAZHO01_Guanyu_Zhou/guazho01.png.transform/1col/image.png,CHN,12.0,12,17.0,,,,0 days 00:00:24.633000,Lapped,0.0,70.0,Austria
2,L SARGEANT,SAR,sargeant,Williams,37BEDD,williams,Logan,Sargeant,Logan Sargeant,https://www.formula1.com/content/dam/fom-website/drivers/L/LOGSAR01_Logan_Sargeant/logsar01.png.transform/1col/image.png,USA,13.0,13,18.0,,,,0 days 00:00:31.384000,Lapped,0.0,70.0,Austria
31,E OCON,OCO,ocon,Alpine,2293D1,alpine,Esteban,Ocon,Esteban Ocon,https://www.formula1.com/content/dam/fom-website/drivers/E/ESTOCO01_Esteban_Ocon/estoco01.png.transform/1col/image.png,FRA,14.0,14,12.0,,,,0 days 00:00:42.140000,Lapped,0.0,70.0,Austria
77,V BOTTAS,BOT,bottas,Alfa Romeo,C92D4B,alfa,Valtteri,Bottas,Valtteri Bottas,https://www.formula1.com/content/dam/fom-website/drivers/V/VALBOT01_Valtteri_Bottas/valbot01.png.transform/1col/image.png,FIN,15.0,15,14.0,,,,0 days 00:00:42.777000,Lapped,0.0,70.0,Austria
81,O PIASTRI,PIA,piastri,McLaren,F58020,mclaren,Oscar,Piastri,Oscar Piastri,https://www.formula1.com/content/dam/fom-website/drivers/O/OSCPIA01_Oscar_Piastri/oscpia01.png.transform/1col/image.png,AUS,16.0,16,13.0,,,,0 days 00:00:46.569000,Lapped,0.0,70.0,Austria
21,N DE VRIES,DEV,de_vries,AlphaTauri,5E8FAA,alphatauri,Nyck,De Vries,Nyck De Vries,https://www.formula1.com/content/dam/fom-website/drivers/N/NYCDEV01_Nyck_De%20Vries/nycdev01.png.transform/1col/image.png,NED,17.0,17,20.0,,,,0 days 00:00:49.703000,Lapped,0.0,70.0,Austria
20,K MAGNUSSEN,MAG,kevin_magnussen,Haas F1 Team,B6BABD,haas,Kevin,Magnussen,Kevin Magnussen,https://www.formula1.com/content/dam/fom-website/drivers/K/KEVMAG01_Kevin_Magnussen/kevmag01.png.transform/1col/image.png,DEN,18.0,18,19.0,,,,0 days 00:00:56.653000,Lapped,0.0,70.0,Austria
22,Y TSUNODA,TSU,tsunoda,AlphaTauri,5E8FAA,alphatauri,Yuki,Tsunoda,Yuki Tsunoda,https://www.formula1.com/content/dam/fom-website/drivers/Y/YUKTSU01_Yuki_Tsunoda/yuktsu01.png.transform/1col/image.png,JPN,19.0,19,16.0,,,,0 days 00:00:59.873000,Lapped,0.0,70.0,Austria
27,N HULKENBERG,HUL,hulkenberg,Haas F1 Team,B6BABD,haas,Nico,Hulkenberg,Nico Hulkenberg,https://www.formula1.com/content/dam/fom-website/drivers/N/NICHUL01_Nico_Hulkenberg/nichul01.png.transform/1col/image.png,GER,20.0,R,8.0,,,,,Retired,0.0,12.0,Austria
11,S PEREZ,PER,perez,Red Bull Racing,3671C6,red_bull,Sergio,Perez,Sergio Perez,https://www.formula1.com/content/dam/fom-website/drivers/S/SERPER01_Sergio_Perez/serper01.png.transform/1col/image.png,MEX,1.0,1,3.0,,,,0 days 01:32:42.436000,Finished,25.0,51.0,Azerbaijan
1,M VERSTAPPEN,VER,max_verstappen,Red Bull Racing,3671C6,red_bull,Max,Verstappen,Max Verstappen,https://www.formula1.com/content/dam/fom-website/drivers/M/MAXVER01_Max_Verstappen/maxver01.png.transform/1col/image.png,NED,2.0,2,2.0,,,,0 days 00:00:02.137000,Finished,18.0,51.0,Azerbaijan
16,C LECLERC,LEC,leclerc,Ferrari,F91536,ferrari,Charles,Leclerc,Charles Leclerc,https://www.formula1.com/content/dam/fom-website/drivers/C/CHALEC01_Charles_Leclerc/chalec01.png.transform/1col/image.png,MON,3.0,3,1.0,,,,0 days 00:00:21.217000,Finished,15.0,51.0,Azerbaijan
14,F ALONSO,ALO,alonso,Aston Martin,358C75,aston_martin,Fernando,Alonso,Fernando Alonso,https://www.formula1.com/content/dam/fom-website/drivers/F/FERALO01_Fernando_Alonso/feralo01.png.transform/1col/image.png,ESP,4.0,4,6.0,,,,0 days 00:00:22.024000,Finished,12.0,51.0,Azerbaijan
55,C SAINZ,SAI,sainz,Ferrari,F91536,ferrari,Carlos,Sainz,Carlos Sainz,https://www.formula1.com/content/dam/fom-website/drivers/C/CARSAI01_Carlos_Sainz/carsai01.png.transform/1col/image.png,ESP,5.0,5,4.0,,,,0 days 00:00:45.491000,Finished,10.0,51.0,Azerbaijan
44,L HAMILTON,HAM,hamilton,Mercedes,6CD3BF,mercedes,Lewis,Hamilton,Lewis Hamilton,https://www.formula1.com/content/dam/fom-website/drivers/L/LEWHAM01_Lewis_Hamilton/lewham01.png.transform/1col/image.png,GBR,6.0,6,5.0,,,,0 days 00:00:46.145000,Finished,8.0,51.0,Azerbaijan
18,L STROLL,STR,stroll,Aston Martin,358C75,aston_martin,Lance,Stroll,Lance Stroll,https://www.formula1.com/content/dam/fom-website/drivers/L/LANSTR01_Lance_Stroll/lanstr01.png.transform/1col/image.png,CAN,7.0,7,9.0,,,,0 days 00:00:51.617000,Finished,6.0,51.0,Azerbaijan
63,G RUSSELL,RUS,russell,Mercedes,6CD3BF,mercedes,George,Russell,George Russell,https://www.formula1.com/content/dam/fom-website/drivers/G/GEORUS01_George_Russell/georus01.png.transform/1col/image.png,GBR,8.0,8,11.0,,,,0 days 00:01:14.240000,Finished,5.0,51.0,Azerbaijan
4,L NORRIS,NOR,norris,McLaren,F58020,mclaren,Lando,Norris,Lando Norris,https://www.formula1.com/content/dam/fom-website/drivers/L/LANNOR01_Lando_Norris/lannor01.png.transform/1col/image.png,GBR,9.0,9,7.0,,,,0 days 00:01:20.376000,Finished,2.0,51.0,Azerbaijan
22,Y TSUNODA,TSU,tsunoda,AlphaTauri,5E8FAA,alphatauri,Yuki,Tsunoda,Yuki Tsunoda,https://www.formula1.com/content/dam/fom-website/drivers/Y/YUKTSU01_Yuki_Tsunoda/yuktsu01.png.transform/1col/image.png,JPN,10.0,10,8.0,,,,0 days 00:01:23.862000,Finished,1.0,51.0,Azerbaijan
81,O PIASTRI,PIA,piastri,McLaren,F58020,mclaren,Oscar,Piastri,Oscar Piastri,https://www.formula1.com/content/dam/fom-website/drivers/O/OSCPIA01_Oscar_Piastri/oscpia01.png.transform/1col/image.png,AUS,11.0,11,10.0,,,,0 days 00:01:26.501000,Finished,0.0,51.0,Azerbaijan
23,A ALBON,ALB,albon,Williams,37BEDD,williams,Alexander,Albon,Alexander Albon,https://www.formula1.com/content/dam/fom-website/drivers/A/ALEALB01_Alexander_Albon/alealb01.png.transform/1col/image.png,THA,12.0,12,12.0,,,,0 days 00:01:28.623000,Finished,0.0,51.0,Azerbaijan
20,K MAGNUSSEN,MAG,kevin_magnussen,Haas F1 Team,B6BABD,haas,Kevin,Magnussen,Kevin Magnussen,https://www.formula1.com/content/dam/fom-website/drivers/K/KEVMAG01_Kevin_Magnussen/kevmag01.png.transform/1col/image.png,DEN,13.0,13,16.0,,,,0 days 00:01:29.729000,Finished,0.0,51.0,Azerbaijan
10,P GASLY,GAS,gasly,Alpine,2293D1,alpine,Pierre,Gasly,Pierre Gasly,https://www.formula1.com/content/dam/fom-website/drivers/P/PIEGAS01_Pierre_Gasly/piegas01.png.transform/1col/image.png,FRA,14.0,14,17.0,,,,0 days 00:01:31.332000,Finished,0.0,51.0,Azerbaijan
31,E OCON,OCO,ocon,Alpine,2293D1,alpine,Esteban,Ocon,Esteban Ocon,https://www.formula1.com/content/dam/fom-website/drivers/E/ESTOCO01_Esteban_Ocon/estoco01.png.transform/1col/image.png,FRA,15.0,15,19.0,,,,0 days 00:01:37.794000,Finished,0.0,51.0,Azerbaijan
2,L SARGEANT,SAR,sargeant,Williams,37BEDD,williams,Logan,Sargeant,Logan Sargeant,https://www.formula1.com/content/dam/fom-website/drivers/L/LOGSAR01_Logan_Sargeant/logsar01.png.transform/1col/image.png,USA,16.0,16,14.0,,,,0 days 00:01:40.943000,Finished,0.0,51.0,Azerbaijan
27,N HULKENBERG,HUL,hulkenberg,Haas F1 Team,B6BABD,haas,Nico,Hulkenberg,Nico Hulkenberg,https://www.formula1.com/content/dam/fom-website/drivers/N/NICHUL01_Nico_Hulkenberg/nichul01.png.transform/1col/image.png,GER,17.0,17,20.0,,,,0 days 00:00:09.937000,Lapped,0.0,50.0,Azerbaijan
77,V BOTTAS,BOT,bottas,Alfa Romeo,C92D4B,alfa,Valtteri,Bottas,Valtteri Bottas,https://www.formula1.com/content/dam/fom-website/drivers/V/VALBOT01_Valtteri_Bottas/valbot01.png.transform/1col/image.png,FIN,18.0,18,13.0,,,,0 days 00:00:19.098000,Lapped,0.0,50.0,Azerbaijan
24,G ZHOU,ZHO,zhou,Alfa Romeo,C92D4B,alfa,Guanyu,Zhou,Guanyu Zhou,https://www.formula1.com/content/dam/fom-website/drivers/G/GUAZHO01_Guanyu_Zhou/guazho01.png.transform/1col/image.png,CHN,19.0,R,15.0,,,,,Retired,0.0,36.0,Azerbaijan
21,N DE VRIES,DEV,de_vries,AlphaTauri,5E8FAA,alphatauri,Nyck,De Vries,Nyck De Vries,https://www.formula1.com/content/dam/fom-website/drivers/N/NYCDEV01_Nyck_De%20Vries/nycdev01.png.transform/1col/image.png,NED,20.0,R,18.0,,,,,Retired,0.0,9.0,Azerbaijan
1,M VERSTAPPEN,VER,max_verstappen,Red Bull Racing,3671C6,red_bull,Max,Verstappen,Max Verstappen,https://www.formula1.com/content/dam/fom-website/drivers/M/MAXVER01_Max_Verstappen/maxver01.png.transform/1col/image.png,NED,1.0,1,1.0,,,,0 days 01:33:56.736000,Finished,25.0,57.0,Bahrain
11,S PEREZ,PER,perez,Red Bull Racing,3671C6,red_bull,Sergio,Perez,Sergio Perez,https://www.formula1.com/content/dam/fom-website/drivers/S/SERPER01_Sergio_Perez/serper01.png.transform/1col/image.png,MEX,2.0,2,2.0,,,,0 days 00:00:11.987000,Finished,18.0,57.0,Bahrain
14,F ALONSO,ALO,alonso,Aston Martin,358C75,aston_martin,Fernando,Alonso,Fernando Alonso,https://www.formula1.com/content/dam/fom-website/drivers/F/FERALO01_Fernando_Alonso/feralo01.png.transform/1col/image.png,ESP,3.0,3,5.0,,,,0 days 00:00:38.637000,Finished,15.0,57.0,Bahrain
55,C SAINZ,SAI,sainz,Ferrari,F91536,ferrari,Carlos,Sainz,Carlos Sainz,https://www.formula1.com/content/dam/fom-website/drivers/C/CARSAI01_Carlos_Sainz/carsai01.png.transform/1col/image.png,ESP,4.0,4,4.0,,,,0 days 00:00:48.052000,Finished,12.0,57.0,Bahrain
44,L HAMILTON,HAM,hamilton,Mercedes,6CD3BF,mercedes,Lewis,Hamilton,Lewis Hamilton,https://www.formula1.com/content/dam/fom-website/drivers/L/LEWHAM01_Lewis_Hamilton/lewham01.png.transform/1col/image.png,GBR,5.0,5,7.0,,,,0 days 00:00:50.977000,Finished,10.0,57.0,Bahrain
18,L STROLL,STR,stroll,Aston Martin,358C75,aston_martin,Lance,Stroll,Lance Stroll,https://www.formula1.com/content/dam/fom-website/drivers/L/LANSTR01_Lance_Stroll/lanstr01.png.transform/1col/image.png,CAN,6.0,6,8.0,,,,0 days 00:00:54.502000,Finished,8.0,57.0,Bahrain
63,G RUSSELL,RUS,russell,Mercedes,6CD3BF,mercedes,George,Russell,George Russell,https://www.formula1.com/content/dam/fom-website/drivers/G/GEORUS01_George_Russell/georus01.png.transform/1col/image.png,GBR,7.0,7,6.0,,,,0 days 00:00:55.873000,Finished,6.0,57.0,Bahrain
77,V BOTTAS,BOT,bottas,Alfa Romeo,C92D4B,alfa,Valtteri,Bottas,Valtteri Bottas,https://www.formula1.com/content/dam/fom-website/drivers/V/VALBOT01_Valtteri_Bottas/valbot01.png.transform/1col/image.png,FIN,8.0,8,12.0,,,,0 days 00:01:12.647000,Finished,4.0,57.0,Bahrain
10,P GASLY,GAS,gasly,Alpine,2293D1,alpine,Pierre,Gasly,Pierre Gasly,https://www.formula1.com/content/dam/fom-website/drivers/P/PIEGAS01_Pierre_Gasly/piegas01.png.transform/1col/image.png,FRA,9.0,9,20.0,,,,0 days 00:01:13.753000,Finished,2.0,57.0,Bahrain
23,A ALBON,ALB,albon,Williams,37BEDD,williams,Alexander,Albon,Alexander Albon,https://www.formula1.com/content/dam/fom-website/drivers/A/ALEALB01_Alexander_Albon/alealb01.png.transform/1col/image.png,THA,10.0,10,15.0,,,,0 days 00:01:29.774000,Finished,1.0,57.0,Bahrain
22,Y TSUNODA,TSU,tsunoda,AlphaTauri,5E8FAA,alphatauri,Yuki,Tsunoda,Yuki Tsunoda,https://www.formula1.com/content/dam/fom-website/drivers/Y/YUKTSU01_Yuki_Tsunoda/yuktsu01.png.transform/1col/image.png,JPN,11.0,11,14.0,,,,0 days 00:01:30.870000,Finished,0.0,57.0,Bahrain
2,L SARGEANT,SAR,sargeant,Williams,37BEDD,williams,Logan,Sargeant,Logan Sargeant,https://www.formula1.com/content/dam/fom-website/drivers/L/LOGSAR01_Logan_Sargeant/logsar01.png.transform/1col/image.png,USA,12.0,12,16.0,,,,0 days 00:00:01.136000,Lapped,0.0,56.0,Bahrain
20,K MAGNUSSEN,MAG,kevin_magnussen,Haas F1 Team,B6BABD,haas,Kevin,Magnussen,Kevin Magnussen,https://www.formula1.com/content/dam/fom-website/drivers/K/KEVMAG01_Kevin_Magnussen/kevmag01.png.transform/1col/image.png,DEN,13.0,13,17.0,,,,0 days 00:00:16.757000,Lapped,0.0,56.0,Bahrain
21,N DE VRIES,DEV,de_vries,AlphaTauri,5E8FAA,alphatauri,Nyck,De Vries,Nyck De Vries,https://www.formula1.com/content/dam/fom-website/drivers/N/NYCDEV01_Nyck_De%20Vries/nycdev01.png.transform/1col/image.png,NED,14.0,14,19.0,,,,0 days 00:00:22.523000,Lapped,0.0,56.0,Bahrain
27,N HULKENBERG,HUL,hulkenberg,Haas F1 Team,B6BABD,haas,Nico,Hulkenberg,Nico Hulkenberg,https://www.formula1.com/content/dam/fom-website/drivers/N/NICHUL01_Nico_Hulkenberg/nichul01.png.transform/1col/image.png,GER,15.0,15,10.0,,,,0 days 00:00:38.911000,Lapped,0.0,56.0,Bahrain
24,G ZHOU,ZHO,zhou,Alfa Romeo,C92D4B,alfa,Guanyu,Zhou,Guanyu Zhou,https://www.formula1.com/content/dam/fom-website/drivers/G/GUAZHO01_Guanyu_Zhou/guazho01.png.transform/1col/image.png,CHN,16.0,16,13.0,,,,0 days 00:00:39.649000,Lapped,0.0,56.0,Bahrain
4,L NORRIS,NOR,norris,McLaren,F58020,mclaren,Lando,Norris,Lando Norris,https://www.formula1.com/content/dam/fom-website/drivers/L/LANNOR01_Lando_Norris/lannor01.png.transform/1col/image.png,GBR,17.0,17,11.0,,,,0 days 00:00:06.636000,Lapped,0.0,55.0,Bahrain
31,E OCON,OCO,ocon,Alpine,2293D1,alpine,Esteban,Ocon,Esteban Ocon,https://www.formula1.com/content/dam/fom-website/drivers/E/ESTOCO01_Esteban_Ocon/estoco01.png.transform/1col/image.png,FRA,18.0,R,9.0,,,,,Retired,0.0,41.0,Bahrain
16,C LECLERC,LEC,leclerc,Ferrari,F91536,ferrari,Charles,Leclerc,Charles Leclerc,https://www.formula1.com/content/dam/fom-website/drivers/C/CHALEC01_Charles_Leclerc/chalec01.png.transform/1col/image.png,MON,19.0,R,3.0,,,,,Retired,0.0,39.0,Bahrain
81,O PIASTRI,PIA,piastri,McLaren,F58020,mclaren,Oscar,Piastri,Oscar Piastri,https://www.formula1.com/content/dam/fom-website/drivers/O/OSCPIA01_Oscar_Piastri/oscpia01.png.transform/1col/image.png,AUS,20.0,R,18.0,,,,,Retired,0.0,13.0,Bahrain
1,M VERSTAPPEN,VER,max_verstappen,Red Bull Racing,3671C6,red_bull,Max,Verstappen,Max Verstappen,https://www.formula1.com/content/dam/fom-website/drivers/M/MAXVER01_Max_Verstappen/maxver01.png.transform/1col/image.png,NED,1.0,1,1.0,,,,0 days 01:33:58.348000,Finished,25.0,70.0,Canada
14,F ALONSO,ALO,alonso,Aston Martin,358C75,aston_martin,Fernando,Alonso,Fernando Alonso,https://www.formula1.com/content/dam/fom-website/drivers/F/FERALO01_Fernando_Alonso/feralo01.png.transform/1col/image.png,ESP,2.0,2,2.0,,,,0 days 00:00:09.570000,Finished,18.0,70.0,Canada
44,L HAMILTON,HAM,hamilton,Mercedes,6CD3BF,mercedes,Lewis,Hamilton,Lewis Hamilton,https://www.formula1.com/content/dam/fom-website/drivers/L/LEWHAM01_Lewis_Hamilton/lewham01.png.transform/1col/image.png,GBR,3.0,3,3.0,,,,0 days 00:00:14.168000,Finished,15.0,70.0,Canada
16,C LECLERC,LEC,leclerc,Ferrari,F91536,ferrari,Charles,Leclerc,Charles Leclerc,https://www.formula1.com/content/dam/fom-website/drivers/C/CHALEC01_Charles_Leclerc/chalec01.png.transform/1col/image.png,MON,4.0,4,10.0,,,,0 days 00:00:18.648000,Finished,12.0,70.0,Canada
55,C SAINZ,SAI,sainz,Ferrari,F91536,ferrari,Carlos,Sainz,Carlos Sainz,https://www.formula1.com/content/dam/fom-website/drivers/C/CARSAI01_Carlos_Sainz/carsai01.png.transform/1col/image.png,ESP,5.0,5,11.0,,,,0 days 00:00:21.540000,Finished,10.0,70.0,Canada
11,S PEREZ,PER,perez,Red Bull Racing,3671C6,red_bull,Sergio,Perez,Sergio Perez,https://www.formula1.com/content/dam/fom-website/drivers/S/SERPER01_Sergio_Perez/serper01.png.transform/1col/image.png,MEX,6.0,6,12.0,,,,0 days 00:00:51.028000,Finished,9.0,70.0,Canada
23,A ALBON,ALB,albon,Williams,37BEDD,williams,Alexander,Albon,Alexander Albon,https://www.formula1.com/content/dam/fom-website/drivers/A/ALEALB01_Alexander_Albon/alealb01.png.transform/1col/image.png,THA,7.0,7,9.0,,,,0 days 00:01:00.813000,Finished,6.0,70.0,Canada
31,E OCON,OCO,ocon,Alpine,2293D1,alpine,Esteban,Ocon,Esteban Ocon,https://www.formula1.com/content/dam/fom-website/drivers/E/ESTOCO01_Esteban_Ocon/estoco01.png.transform/1col/image.png,FRA,8.0,8,6.0,,,,0 days 00:01:01.692000,Finished,4.0,70.0,Canada
18,L STROLL,STR,stroll,Aston Martin,358C75,aston_martin,Lance,Stroll,Lance Stroll,https://www.formula1.com/content/dam/fom-website/drivers/L/LANSTR01_Lance_Stroll/lanstr01.png.transform/1col/image.png,CAN,9.0,9,16.0,,,,0 days 00:01:04.402000,Finished,2.0,70.0,Canada
77,V BOTTAS,BOT,bottas,Alfa Romeo,C92D4B,alfa,Valtteri,Bottas,Valtteri Bottas,https://www.formula1.com/content/dam/fom-website/drivers/V/VALBOT01_Valtteri_Bottas/valbot01.png.transform/1col/image.png,FIN,10.0,10,14.0,,,,0 days 00:01:04.432000,Finished,1.0,70.0,Canada
81,O PIASTRI,PIA,piastri,McLaren,F58020,mclaren,Oscar,Piastri,Oscar Piastri,https://www.formula1.com/content/dam/fom-website/drivers/O/OSCPIA01_Oscar_Piastri/oscpia01.png.transform/1col/image.png,AUS,11.0,11,8.0,,,,0 days 00:01:05.101000,Finished,0.0,70.0,Canada
10,P GASLY,GAS,gasly,Alpine,2293D1,alpine,Pierre,Gasly,Pierre Gasly,https://www.formula1.com/content/dam/fom-website/drivers/P/PIEGAS01_Pierre_Gasly/piegas01.png.transform/1col/image.png,FRA,12.0,12,15.0,,,,0 days 00:01:05.249000,Finished,0.0,70.0,Canada
4,L NORRIS,NOR,norris,McLaren,F58020,mclaren,Lando,Norris,Lando Norris,https://www.formula1.com/content/dam/fom-website/drivers/L/LANNOR01_Lando_Norris/lannor01.png.transform/1col/image.png,GBR,13.0,13,7.0,,,,0 days 00:01:08.363000,Finished,0.0,70.0,Canada
22,Y TSUNODA,TSU,tsunoda,AlphaTauri,5E8FAA,alphatauri,Yuki,Tsunoda,Yuki Tsunoda,https://www.formula1.com/content/dam/fom-website/drivers/Y/YUKTSU01_Yuki_Tsunoda/yuktsu01.png.transform/1col/image.png,JPN,14.0,14,19.0,,,,0 days 00:01:13.423000,Finished,0.0,70.0,Canada
27,N HULKENBERG,HUL,hulkenberg,Haas F1 Team,B6BABD,haas,Nico,Hulkenberg,Nico Hulkenberg,https://www.formula1.com/content/dam/fom-website/drivers/N/NICHUL01_Nico_Hulkenberg/nichul01.png.transform/1col/image.png,GER,15.0,15,5.0,,,,0 days 00:00:16.943000,Lapped,0.0,69.0,Canada
24,G ZHOU,ZHO,zhou,Alfa Romeo,C92D4B,alfa,Guanyu,Zhou,Guanyu Zhou,https://www.formula1.com/content/dam/fom-website/drivers/G/GUAZHO01_Guanyu_Zhou/guazho01.png.transform/1col/image.png,CHN,16.0,16,20.0,,,,0 days 00:00:17.377000,Lapped,0.0,69.0,Canada
20,K MAGNUSSEN,MAG,kevin_magnussen,Haas F1 Team,B6BABD,haas,Kevin,Magnussen,Kevin Magnussen,https://www.formula1.com/content/dam/fom-website/drivers/K/KEVMAG01_Kevin_Magnussen/kevmag01.png.transform/1col/image.png,DEN,17.0,17,13.0,,,,0 days 00:01:10.259000,Lapped,0.0,69.0,Canada
21,N DE VRIES,DEV,de_vries,AlphaTauri,5E8FAA,alphatauri,Nyck,De Vries,Nyck De Vries,https://www.formula1.com/content/dam/fom-website/drivers/N/NYCDEV01_Nyck_De%20Vries/nycdev01.png.transform/1col/image.png,NED,18.0,18,17.0,,,,0 days 00:01:14.967000,Lapped,0.0,69.0,Canada
63,G RUSSELL,RUS,russell,Mercedes,6CD3BF,mercedes,George,Russell,George Russell,https://www.formula1.com/content/dam/fom-website/drivers/G/GEORUS01_George_Russell/georus01.png.transform/1col/image.png,GBR,19.0,R,4.0,,,,,Retired,0.0,53.0,Canada
2,L SARGEANT,SAR,sargeant,Williams,37BEDD,williams,Logan,Sargeant,Logan Sargeant,https://www.formula1.com/content/dam/fom-website/drivers/L/LOGSAR01_Logan_Sargeant/logsar01.png.transform/1col/image.png,USA,20.0,R,18.0,,,,,Retired,0.0,6.0,Canada
1,M VERSTAPPEN,VER,max_verstappen,Red Bull Racing,3671C6,red_bull,Max,Verstappen,Max Verstappen,https://www.formula1.com/content/dam/fom-website/drivers/M/MAXVER01_Max_Verstappen/maxver01.png.transform/1col/image.png,NED,1.0,1,1.0,,,,0 days 01:25:16.938000,Finished,26.0,52.0,Great Britain
4,L NORRIS,NOR,norris,McLaren,F58020,mclaren,Lando,Norris,Lando Norris,https://www.formula1.com/content/dam/fom-website/drivers/L/LANNOR01_Lando_Norris/lannor01.png.transform/1col/image.png,GBR,2.0,2,2.0,,,,0 days 00:00:03.798000,Finished,18.0,52.0,Great Britain
44,L HAMILTON,HAM,hamilton,Mercedes,6CD3BF,mercedes,Lewis,Hamilton,Lewis Hamilton,https://www.formula1.com/content/dam/fom-website/drivers/L/LEWHAM01_Lewis_Hamilton/lewham01.png.transform/1col/image.png,GBR,3.0,3,7.0,,,,0 days 00:00:06.783000,Finished,15.0,52.0,Great Britain
81,O PIASTRI,PIA,piastri,McLaren,F58020,mclaren,Oscar,Piastri,Oscar Piastri,https://www.formula1.com/content/dam/fom-website/drivers/O/OSCPIA01_Oscar_Piastri/oscpia01.png.transform/1col/image.png,AUS,4.0,4,3.0,,,,0 days 00:00:07.776000,Finished,12.0,52.0,Great Britain
63,G RUSSELL,RUS,russell,Mercedes,6CD3BF,mercedes,George,Russell,George Russell,https://www.formula1.com/content/dam/fom-website/drivers/G/GEORUS01_George_Russell/georus01.png.transform/1col/image.png,GBR,5.0,5,6.0,,,,0 days 00:00:11.206000,Finished,10.0,52.0,Great Britain
11,S PEREZ,PER,perez,Red Bull Racing,3671C6,red_bull,Sergio,Perez,Sergio Perez,https://www.formula1.com/content/dam/fom-website/drivers/S/SERPER01_Sergio_Perez/serper01.png.transform/1col/image.png,MEX,6.0,6,15.0,,,,0 days 00:00:12.882000,Finished,8.0,52.0,Great Britain
14,F ALONSO,ALO,alonso,Aston Martin,358C75,aston_martin,Fernando,Alonso,Fernando Alonso,https://www.formula1.com/content/dam/fom-website/drivers/F/FERALO01_Fernando_Alonso/feralo01.png.transform/1col/image.png,ESP,7.0,7,9.0,,,,0 days 00:00:17.193000,Finished,6.0,52.0,Great Britain
23,A ALBON,ALB,albon,Williams,37BEDD,williams,Alexander,Albon,Alexander Albon,https://www.formula1.com/content/dam/fom-website/drivers/A/ALEALB01_Alexander_Albon/alealb01.png.transform/1col/image.png,THA,8.0,8,8.0,,,,0 days 00:00:17.878000,Finished,4.0,52.0,Great Britain
16,C LECLERC,LEC,leclerc,Ferrari,F91536,ferrari,Charles,Leclerc,Charles Leclerc,https://www.formula1.com/content/dam/fom-website/drivers/C/CHALEC01_Charles_Leclerc/chalec01.png.transform/1col/image.png,MON,9.0,9,4.0,,,,0 days 00:00:18.689000,Finished,2.0,52.0,Great Britain
55,C SAINZ,SAI,sainz,Ferrari,F91536,ferrari,Carlos,Sainz,Carlos Sainz,https://www.formula1.com/content/dam/fom-website/drivers/C/CARSAI01_Carlos_Sainz/carsai01.png.transform/1col/image.png,ESP,10.0,10,5.0,,,,0 days 00:00:19.448000,Finished,1.0,52.0,Great Britain
2,L SARGEANT,SAR,sargeant,Williams,37BEDD,williams,Logan,Sargeant,Logan Sargeant,https://www.formula1.com/content/dam/fom-website/drivers/L/LOGSAR01_Logan_Sargeant/logsar01.png.transform/1col/image.png,USA,11.0,11,14.0,,,,0 days 00:00:23.632000,Finished,0.0,52.0,Great Britain
77,V BOTTAS,BOT,bottas,Alfa Romeo,C92D4B,alfa,Valtteri,Bottas,Valtteri Bottas,https://www.formula1.com/content/dam/fom-website/drivers/V/VALBOT01_Valtteri_Bottas/valbot01.png.transform/1col/image.png,FIN,12.0,12,20.0,,,,0 days 00:00:25.830000,Finished,0.0,52.0,Great Britain
27,N HULKENBERG,HUL,hulkenberg,Haas F1 Team,B6BABD,haas,Nico,Hulkenberg,Nico Hulkenberg,https://www.formula1.com/content/dam/fom-website/drivers/N/NICHUL01_Nico_Hulkenberg/nichul01.png.transform/1col/image.png,GER,13.0,13,11.0,,,,0 days 00:00:26.663000,Finished,0.0,52.0,Great Britain
18,L STROLL,STR,stroll,Aston Martin,358C75,aston_martin,Lance,Stroll,Lance Stroll,https://www.formula1.com/content/dam/fom-website/drivers/L/LANSTR01_Lance_Stroll/lanstr01.png.transform/1col/image.png,CAN,14.0,14,12.0,,,,0 days 00:00:27.483000,Finished,0.0,52.0,Great Britain
24,G ZHOU,ZHO,zhou,Alfa Romeo,C92D4B,alfa,Guanyu,Zhou,Guanyu Zhou,https://www.formula1.com/content/dam/fom-website/drivers/G/GUAZHO01_Guanyu_Zhou/guazho01.png.transform/1col/image.png,CHN,15.0,15,17.0,,,,0 days 00:00:29.820000,Finished,0.0,52.0,Great Britain
22,Y TSUNODA,TSU,tsunoda,AlphaTauri,5E8FAA,alphatauri,Yuki,Tsunoda,Yuki Tsunoda,https://www.formula1.com/content/dam/fom-website/drivers/Y/YUKTSU01_Yuki_Tsunoda/yuktsu01.png.transform/1col/image.png,JPN,16.0,16,16.0,,,,0 days 00:00:31.225000,Finished,0.0,52.0,Great Britain
21,N DE VRIES,DEV,de_vries,AlphaTauri,5E8FAA,alphatauri,Nyck,De Vries,Nyck De Vries,https://www.formula1.com/content/dam/fom-website/drivers/N/NYCDEV01_Nyck_De%20Vries/nycdev01.png.transform/1col/image.png,NED,17.0,17,18.0,,,,0 days 00:00:33.128000,Finished,0.0,52.0,Great Britain
10,P GASLY,GAS,gasly,Alpine,2293D1,alpine,Pierre,Gasly,Pierre Gasly,https://www.formula1.com/content/dam/fom-website/drivers/P/PIEGAS01_Pierre_Gasly/piegas01.png.transform/1col/image.png,FRA,18.0,18,10.0,,,,,Finished,0.0,46.0,Great Britain
20,K MAGNUSSEN,MAG,kevin_magnussen,Haas F1 Team,B6BABD,haas,Kevin,Magnussen,Kevin Magnussen,https://www.formula1.com/content/dam/fom-website/drivers/K/KEVMAG01_Kevin_Magnussen/kevmag01.png.transform/1col/image.png,DEN,19.0,R,19.0,,,,,Retired,0.0,31.0,Great Britain
31,E OCON,OCO,ocon,Alpine,2293D1,alpine,Esteban,Ocon,Esteban Ocon,https://www.formula1.com/content/dam/fom-website/drivers/E/ESTOCO01_Esteban_Ocon/estoco01.png.transform/1col/image.png,FRA,20.0,R,13.0,,,,,Retired,0.0,9.0,Great Britain
1,M VERSTAPPEN,VER,max_verstappen,Red Bull Racing,3671C6,red_bull,Max,Verstappen,Max Verstappen,https://www.formula1.com/content/dam/fom-website/drivers/M/MAXVER01_Max_Verstappen/maxver01.png.transform/1col/image.png,NED,1.0,1,9.0,,,,0 days 01:27:38.241000,Finished,26.0,57.0,Miami
11,S PEREZ,PER,perez,Red Bull Racing,3671C6,red_bull,Sergio,Perez,Sergio Perez,https://www.formula1.com/content/dam/fom-website/drivers/S/SERPER01_Sergio_Perez/serper01.png.transform/1col/image.png,MEX,2.0,2,1.0,,,,0 days 00:00:05.384000,Finished,18.0,57.0,Miami
14,F ALONSO,ALO,alonso,Aston Martin,358C75,aston_martin,Fernando,Alonso,Fernando Alonso,https://www.formula1.com/content/dam/fom-website/drivers/F/FERALO01_Fernando_Alonso/feralo01.png.transform/1col/image.png,ESP,3.0,3,2.0,,,,0 days 00:00:26.305000,Finished,15.0,57.0,Miami
63,G RUSSELL,RUS,russell,Mercedes,6CD3BF,mercedes,George,Russell,George Russell,https://www.formula1.com/content/dam/fom-website/drivers/G/GEORUS01_George_Russell/georus01.png.transform/1col/image.png,GBR,4.0,4,6.0,,,,0 days 00:00:33.229000,Finished,12.0,57.0,Miami
55,C SAINZ,SAI,sainz,Ferrari,F91536,ferrari,Carlos,Sainz,Carlos Sainz,https://www.formula1.com/content/dam/fom-website/drivers/C/CARSAI01_Carlos_Sainz/carsai01.png.transform/1col/image.png,ESP,5.0,5,3.0,,,,0 days 00:00:42.511000,Finished,10.0,57.0,Miami
44,L HAMILTON,HAM,hamilton,Mercedes,6CD3BF,mercedes,Lewis,Hamilton,Lewis Hamilton,https://www.formula1.com/content/dam/fom-website/drivers/L/LEWHAM01_Lewis_Hamilton/lewham01.png.transform/1col/image.png,GBR,6.0,6,13.0,,,,0 days 00:00:51.249000,Finished,8.0,57.0,Miami
16,C LECLERC,LEC,leclerc,Ferrari,F91536,ferrari,Charles,Leclerc,Charles Leclerc,https://www.formula1.com/content/dam/fom-website/drivers/C/CHALEC01_Charles_Leclerc/chalec01.png.transform/1col/image.png,MON,7.0,7,7.0,,,,0 days 00:00:52.988000,Finished,6.0,57.0,Miami
10,P GASLY,GAS,gasly,Alpine,2293D1,alpine,Pierre,Gasly,Pierre Gasly,https://www.formula1.com/content/dam/fom-website/drivers/P/PIEGAS01_Pierre_Gasly/piegas01.png.transform/1col/image.png,FRA,8.0,8,5.0,,,,0 days 00:00:55.670000,Finished,4.0,57.0,Miami
31,E OCON,OCO,ocon,Alpine,2293D1,alpine,Esteban,Ocon,Esteban Ocon,https://www.formula1.com/content/dam/fom-website/drivers/E/ESTOCO01_Esteban_Ocon/estoco01.png.transform/1col/image.png,FRA,9.0,9,8.0,,,,0 days 00:00:58.123000,Finished,2.0,57.0,Miami
20,K MAGNUSSEN,MAG,kevin_magnussen,Haas F1 Team,B6BABD,haas,Kevin,Magnussen,Kevin Magnussen,https://www.formula1.com/content/dam/fom-website/drivers/K/KEVMAG01_Kevin_Magnussen/kevmag01.png.transform/1col/image.png,DEN,10.0,10,4.0,,,,0 days 00:01:02.945000,Finished,1.0,57.0,Miami
22,Y TSUNODA,TSU,tsunoda,AlphaTauri,5E8FAA,alphatauri,Yuki,Tsunoda,Yuki Tsunoda,https://www.formula1.com/content/dam/fom-website/drivers/Y/YUKTSU01_Yuki_Tsunoda/yuktsu01.png.transform/1col/image.png,JPN,11.0,11,17.0,,,,0 days 00:01:04.309000,Finished,0.0,57.0,Miami
18,L STROLL,STR,stroll,Aston Martin,358C75,aston_martin,Lance,Stroll,Lance Stroll,https://www.formula1.com/content/dam/fom-website/drivers/L/LANSTR01_Lance_Stroll/lanstr01.png.transform/1col/image.png,CAN,12.0,12,18.0,,,,0 days 00:01:04.754000,Finished,0.0,57.0,Miami
77,V BOTTAS,BOT,bottas,Alfa Romeo,C92D4B,alfa,Valtteri,Bottas,Valtteri Bottas,https://www.formula1.com/content/dam/fom-website/drivers/V/VALBOT01_Valtteri_Bottas/valbot01.png.transform/1col/image.png,FIN,13.0,13,10.0,,,,0 days 00:01:11.637000,Finished,0.0,57.0,Miami
23,A ALBON,ALB,albon,Williams,37BEDD,williams,Alexander,Albon,Alexander Albon,https://www.formula1.com/content/dam/fom-website/drivers/A/ALEALB01_Alexander_Albon/alealb01.png.transform/1col/image.png,THA,14.0,14,11.0,,,,0 days 00:01:12.861000,Finished,0.0,57.0,Miami
27,N HULKENBERG,HUL,hulkenberg,Haas F1 Team,B6BABD,haas,Nico,Hulkenberg,Nico Hulkenberg,https://www.formula1.com/content/dam/fom-website/drivers/N/NICHUL01_Nico_Hulkenberg/nichul01.png.transform/1col/image.png,GER,15.0,15,12.0,,,,0 days 00:01:14.950000,Finished,0.0,57.0,Miami
24,G ZHOU,ZHO,zhou,Alfa Romeo,C92D4B,alfa,Guanyu,Zhou,Guanyu Zhou,https://www.formula1.com/content/dam/fom-website/drivers/G/GUAZHO01_Guanyu_Zhou/guazho01.png.transform/1col/image.png,CHN,16.0,16,14.0,,,,0 days 00:01:18.440000,Finished,0.0,57.0,Miami
4,L NORRIS,NOR,norris,McLaren,F58020,mclaren,Lando,Norris,Lando Norris,https://www.formula1.com/content/dam/fom-website/drivers/L/LANNOR01_Lando_Norris/lannor01.png.transform/1col/image.png,GBR,17.0,17,16.0,,,,0 days 00:01:27.717000,Finished,0.0,57.0,Miami
21,N DE VRIES,DEV,de_vries,AlphaTauri,5E8FAA,alphatauri,Nyck,De Vries,Nyck De Vries,https://www.formula1.com/content/dam/fom-website/drivers/N/NYCDEV01_Nyck_De%20Vries/nycdev01.png.transform/1col/image.png,NED,18.0,18,15.0,,,,0 days 00:01:28.949000,Finished,0.0,57.0,Miami
81,O PIASTRI,PIA,piastri,McLaren,F58020,mclaren,Oscar,Piastri,Oscar Piastri,https://www.formula1.com/content/dam/fom-website/drivers/O/OSCPIA01_Oscar_Piastri/oscpia01.png.transform/1col/image.png,AUS,19.0,19,19.0,,,,0 days 00:00:20.510000,Lapped,0.0,56.0,Miami
2,L SARGEANT,SAR,sargeant,Williams,37BEDD,williams,Logan,Sargeant,Logan Sargeant,https://www.formula1.com/content/dam/fom-website/drivers/L/LOGSAR01_Logan_Sargeant/logsar01.png.transform/1col/image.png,USA,20.0,20,20.0,,,,0 days 00:00:34.388000,Lapped,0.0,56.0,Miami
1,M VERSTAPPEN,VER,max_verstappen,Red Bull Racing,3671C6,red_bull,Max,Verstappen,Max Verstappen,https://www.formula1.com/content/dam/fom-website/drivers/M/MAXVER01_Max_Verstappen/maxver01.png.transform/1col/image.png,NED,1.0,1,1.0,,,,0 days 01:48:51.980000,Finished,25.0,78.0,Monaco
14,F ALONSO,ALO,alonso,Aston Martin,358C75,aston_martin,Fernando,Alonso,Fernando Alonso,https://www.formula1.com/content/dam/fom-website/drivers/F/FERALO01_Fernando_Alonso/feralo01.png.transform/1col/image.png,ESP,2.0,2,2.0,,,,0 days 00:00:27.921000,Finished,18.0,78.0,Monaco
31,E OCON,OCO,ocon,Alpine,2293D1,alpine,Esteban,Ocon,Esteban Ocon,https://www.formula1.com/content/dam/fom-website/drivers/E/ESTOCO01_Esteban_Ocon/estoco01.png.transform/1col/image.png,FRA,3.0,3,3.0,,,,0 days 00:00:36.990000,Finished,15.0,78.0,Monaco
44,L HAMILTON,HAM,hamilton,Mercedes,6CD3BF,mercedes,Lewis,Hamilton,Lewis Hamilton,https://www.formula1.com/content/dam/fom-website/drivers/L/LEWHAM01_Lewis_Hamilton/lewham01.png.transform/1col/image.png,GBR,4.0,4,5.0,,,,0 days 00:00:39.062000,Finished,13.0,78.0,Monaco
63,G RUSSELL,RUS,russell,Mercedes,6CD3BF,mercedes,George,Russell,George Russell,https://www.formula1.com/content/dam/fom-website/drivers/G/GEORUS01_George_Russell/georus01.png.transform/1col/image.png,GBR,5.0,5,8.0,,,,0 days 00:00:56.284000,Finished,10.0,78.0,Monaco
16,C LECLERC,LEC,leclerc,Ferrari,F91536,ferrari,Charles,Leclerc,Charles Leclerc,https://www.formula1.com/content/dam/fom-website/drivers/C/CHALEC01_Charles_Leclerc/chalec01.png.transform/1col/image.png,MON,6.0,6,6.0,,,,0 days 00:01:01.890000,Finished,8.0,78.0,Monaco
10,P GASLY,GAS,gasly,Alpine,2293D1,alpine,Pierre,Gasly,Pierre Gasly,https://www.formula1.com/content/dam/fom-website/drivers/P/PIEGAS01_Pierre_Gasly/piegas01.png.transform/1col/image.png,FRA,7.0,7,7.0,,,,0 days 00:01:02.362000,Finished,6.0,78.0,Monaco
55,C SAINZ,SAI,sainz,Ferrari,F91536,ferrari,Carlos,Sainz,Carlos Sainz,https://www.formula1.com/content/dam/fom-website/drivers/C/CARSAI01_Carlos_Sainz/carsai01.png.transform/1col/image.png,ESP,8.0,8,4.0,,,,0 days 00:01:03.391000,Finished,4.0,78.0,Monaco
4,L NORRIS,NOR,norris,McLaren,F58020,mclaren,Lando,Norris,Lando Norris,https://www.formula1.com/content/dam/fom-website/drivers/L/LANNOR01_Lando_Norris/lannor01.png.transform/1col/image.png,GBR,9.0,9,10.0,,,,0 days 00:00:04.061000,Lapped,2.0,77.0,Monaco
81,O PIASTRI,PIA,piastri,McLaren,F58020,mclaren,Oscar,Piastri,Oscar Piastri,https://www.formula1.com/content/dam/fom-website/drivers/O/OSCPIA01_Oscar_Piastri/oscpia01.png.transform/1col/image.png,AUS,10.0,10,11.0,,,,0 days 00:00:13.959000,Lapped,1.0,77.0,Monaco
77,V BOTTAS,BOT,bottas,Alfa Romeo,C92D4B,alfa,Valtteri,Bottas,Valtteri Bottas,https://www.formula1.com/content/dam/fom-website/drivers/V/VALBOT01_Valtteri_Bottas/valbot01.png.transform/1col/image.png,FIN,11.0,11,15.0,,,,0 days 00:00:28.963000,Lapped,0.0,77.0,Monaco
21,N DE VRIES,DEV,de_vries,AlphaTauri,5E8FAA,alphatauri,Nyck,De Vries,Nyck De Vries,https://www.formula1.com/content/dam/fom-website/drivers/N/NYCDEV01_Nyck_De%20Vries/nycdev01.png.transform/1col/image.png,NED,12.0,12,12.0,,,,0 days 00:00:57.317000,Lapped,0.0,77.0,Monaco
24,G ZHOU,ZHO,zhou,Alfa Romeo,C92D4B,alfa,Guanyu,Zhou,Guanyu Zhou,https://www.formula1.com/content/dam/fom-website/drivers/G/GUAZHO01_Guanyu_Zhou/guazho01.png.transform/1col/image.png,CHN,13.0,13,19.0,,,,0 days 00:01:11.852000,Lapped,0.0,77.0,Monaco
23,A ALBON,ALB,albon,Williams,37BEDD,williams,Alexander,Albon,Alexander Albon,https://www.formula1.com/content/dam/fom-website/drivers/A/ALEALB01_Alexander_Albon/alealb01.png.transform/1col/image.png,THA,14.0,14,13.0,,,,0 days 00:01:19.210000,Lapped,0.0,77.0,Monaco
22,Y TSUNODA,TSU,tsunoda,AlphaTauri,5E8FAA,alphatauri,Yuki,Tsunoda,Yuki Tsunoda,https://www.formula1.com/content/dam/fom-website/drivers/Y/YUKTSU01_Yuki_Tsunoda/yuktsu01.png.transform/1col/image.png,JPN,15.0,15,9.0,,,,0 days 00:00:07.545000,Lapped,0.0,76.0,Monaco
11,S PEREZ,PER,perez,Red Bull Racing,3671C6,red_bull,Sergio,Perez,Sergio Perez,https://www.formula1.com/content/dam/fom-website/drivers/S/SERPER01_Sergio_Perez/serper01.png.transform/1col/image.png,MEX,16.0,16,20.0,,,,0 days 00:00:49.024000,Lapped,0.0,76.0,Monaco
27,N HULKENBERG,HUL,hulkenberg,Haas F1 Team,B6BABD,haas,Nico,Hulkenberg,Nico Hulkenberg,https://www.formula1.com/content/dam/fom-website/drivers/N/NICHUL01_Nico_Hulkenberg/nichul01.png.transform/1col/image.png,GER,17.0,17,18.0,,,,0 days 00:00:58.506000,Lapped,0.0,76.0,Monaco
2,L SARGEANT,SAR,sargeant,Williams,37BEDD,williams,Logan,Sargeant,Logan Sargeant,https://www.formula1.com/content/dam/fom-website/drivers/L/LOGSAR01_Logan_Sargeant/logsar01.png.transform/1col/image.png,USA,18.0,18,16.0,,,,0 days 00:01:17.983000,Lapped,0.0,76.0,Monaco
20,K MAGNUSSEN,MAG,kevin_magnussen,Haas F1 Team,B6BABD,haas,Kevin,Magnussen,Kevin Magnussen,https://www.formula1.com/content/dam/fom-website/drivers/K/KEVMAG01_Kevin_Magnussen/kevmag01.png.transform/1col/image.png,DEN,19.0,19,17.0,,,,,Finished,0.0,70.0,Monaco
18,L STROLL,STR,stroll,Aston Martin,358C75,aston_martin,Lance,Stroll,Lance Stroll,https://www.formula1.com/content/dam/fom-website/drivers/L/LANSTR01_Lance_Stroll/lanstr01.png.transform/1col/image.png,CAN,20.0,R,14.0,,,,,Retired,0.0,53.0,Monaco
11,S PEREZ,PER,perez,Red Bull Racing,3671C6,red_bull,Sergio,Perez,Sergio Perez,https://www.formula1.com/content/dam/fom-website/drivers/S/SERPER01_Sergio_Perez/serper01.png.transform/1col/image.png,MEX,1.0,1,1.0,,,,0 days 01:21:14.894000,Finished,25.0,50.0,Saudi Arabia
1,M VERSTAPPEN,VER,max_verstappen,Red Bull Racing,3671C6,red_bull,Max,Verstappen,Max Verstappen,https://www.formula1.com/content/dam/fom-website/drivers/M/MAXVER01_Max_Verstappen/maxver01.png.transform/1col/image.png,NED,2.0,2,15.0,,,,0 days 00:00:05.355000,Finished,19.0,50.0,Saudi Arabia
14,F ALONSO,ALO,alonso,Aston Martin,358C75,aston_martin,Fernando,Alonso,Fernando Alonso,https://www.formula1.com/content/dam/fom-website/drivers/F/FERALO01_Fernando_Alonso/feralo01.png.transform/1col/image.png,ESP,3.0,3,2.0,,,,0 days 00:00:20.728000,Finished,15.0,50.0,Saudi Arabia
63,G RUSSELL,RUS,russell,Mercedes,6CD3BF,mercedes,George,Russell,George Russell,https://www.formula1.com/content/dam/fom-website/drivers/G/GEORUS01_George_Russell/georus01.png.transform/1col/image.png,GBR,4.0,4,3.0,,,,0 days 00:00:25.866000,Finished,12.0,50.0,Saudi Arabia
44,L HAMILTON,HAM,hamilton,Mercedes,6CD3BF,mercedes,Lewis,Hamilton,Lewis Hamilton,https://www.formula1.com/content/dam/fom-website/drivers/L/LEWHAM01_Lewis_Hamilton/lewham01.png.transform/1col/image.png,GBR,5.0,5,7.0,,,,0 days 00:00:31.065000,Finished,10.0,50.0,Saudi Arabia
55,C SAINZ,SAI,sainz,Ferrari,F91536,ferrari,Carlos,Sainz,Carlos Sainz,https://www.formula1.com/content/dam/fom-website/drivers/C/CARSAI01_Carlos_Sainz/carsai01.png.transform/1col/image.png,ESP,6.0,6,4.0,,,,0 days 00:00:35.876000,Finished,8.0,50.0,Saudi Arabia
16,C LECLERC,LEC,leclerc,Ferrari,F91536,ferrari,Charles,Leclerc,Charles Leclerc,https://www.formula1.com/content/dam/fom-website/drivers/C/CHALEC01_Charles_Leclerc/chalec01.png.transform/1col/image.png,MON,7.0,7,12.0,,,,0 days 00:00:43.162000,Finished,6.0,50.0,Saudi Arabia
31,E OCON,OCO,ocon,Alpine,2293D1,alpine,Esteban,Ocon,Esteban Ocon,https://www.formula1.com/content/dam/fom-website/drivers/E/ESTOCO01_Esteban_Ocon/estoco01.png.transform/1col/image.png,FRA,8.0,8,6.0,,,,0 days 00:00:52.832000,Finished,4.0,50.0,Saudi Arabia
10,P GASLY,GAS,gasly,Alpine,2293D1,alpine,Pierre,Gasly,Pierre Gasly,https://www.formula1.com/content/dam/fom-website/drivers/P/PIEGAS01_Pierre_Gasly/piegas01.png.transform/1col/image.png,FRA,9.0,9,9.0,,,,0 days 00:00:54.747000,Finished,2.0,50.0,Saudi Arabia
20,K MAGNUSSEN,MAG,kevin_magnussen,Haas F1 Team,B6BABD,haas,Kevin,Magnussen,Kevin Magnussen,https://www.formula1.com/content/dam/fom-website/drivers/K/KEVMAG01_Kevin_Magnussen/kevmag01.png.transform/1col/image.png,DEN,10.0,10,13.0,,,,0 days 00:01:04.826000,Finished,1.0,50.0,Saudi Arabia
22,Y TSUNODA,TSU,tsunoda,AlphaTauri,5E8FAA,alphatauri,Yuki,Tsunoda,Yuki Tsunoda,https://www.formula1.com/content/dam/fom-website/drivers/Y/YUKTSU01_Yuki_Tsunoda/yuktsu01.png.transform/1col/image.png,JPN,11.0,11,16.0,,,,0 days 00:01:07.494000,Finished,0.0,50.0,Saudi Arabia
27,N HULKENBERG,HUL,hulkenberg,Haas F1 Team,B6BABD,haas,Nico,Hulkenberg,Nico Hulkenberg,https://www.formula1.com/content/dam/fom-website/drivers/N/NICHUL01_Nico_Hulkenberg/nichul01.png.transform/1col/image.png,GER,12.0,12,10.0,,,,0 days 00:01:10.588000,Finished,0.0,50.0,Saudi Arabia
24,G ZHOU,ZHO,zhou,Alfa Romeo,C92D4B,alfa,Guanyu,Zhou,Guanyu Zhou,https://www.formula1.com/content/dam/fom-website/drivers/G/GUAZHO01_Guanyu_Zhou/guazho01.png.transform/1col/image.png,CHN,13.0,13,11.0,,,,0 days 00:01:16.060000,Finished,0.0,50.0,Saudi Arabia
21,N DE VRIES,DEV,de_vries,AlphaTauri,5E8FAA,alphatauri,Nyck,De Vries,Nyck De Vries,https://www.formula1.com/content/dam/fom-website/drivers/N/NYCDEV01_Nyck_De%20Vries/nycdev01.png.transform/1col/image.png,NED,14.0,14,18.0,,,,0 days 00:01:17.478000,Finished,0.0,50.0,Saudi Arabia
81,O PIASTRI,PIA,piastri,McLaren,F58020,mclaren,Oscar,Piastri,Oscar Piastri,https://www.formula1.com/content/dam/fom-website/drivers/O/OSCPIA01_Oscar_Piastri/oscpia01.png.transform/1col/image.png,AUS,15.0,15,8.0,,,,0 days 00:01:25.021000,Finished,0.0,50.0,Saudi Arabia
2,L SARGEANT,SAR,sargeant,Williams,37BEDD,williams,Logan,Sargeant,Logan Sargeant,https://www.formula1.com/content/dam/fom-website/drivers/L/LOGSAR01_Logan_Sargeant/logsar01.png.transform/1col/image.png,USA,16.0,16,20.0,,,,0 days 00:01:26.293000,Finished,0.0,50.0,Saudi Arabia
4,L NORRIS,NOR,norris,McLaren,F58020,mclaren,Lando,Norris,Lando Norris,https://www.formula1.com/content/dam/fom-website/drivers/L/LANNOR01_Lando_Norris/lannor01.png.transform/1col/image.png,GBR,17.0,17,19.0,,,,0 days 00:01:26.445000,Finished,0.0,50.0,Saudi Arabia
77,V BOTTAS,BOT,bottas,Alfa Romeo,C92D4B,alfa,Valtteri,Bottas,Valtteri Bottas,https://www.formula1.com/content/dam/fom-website/drivers/V/VALBOT01_Valtteri_Bottas/valbot01.png.transform/1col/image.png,FIN,18.0,18,14.0,,,,0 days 00:00:29.584000,Lapped,0.0,49.0,Saudi Arabia
23,A ALBON,ALB,albon,Williams,37BEDD,williams,Alexander,Albon,Alexander Albon,https://www.formula1.com/content/dam/fom-website/drivers/A/ALEALB01_Alexander_Albon/alealb01.png.transform/1col/image.png,THA,19.0,R,17.0,,,,,Retired,0.0,27.0,Saudi Arabia
18,L STROLL,STR,stroll,Aston Martin,358C75,aston_martin,Lance,Stroll,Lance Stroll,https://www.formula1.com/content/dam/fom-website/drivers/L/LANSTR01_Lance_Stroll/lanstr01.png.transform/1col/image.png,CAN,20.0,R,5.0,,,,,Retired,0.0,16.0,Saudi Arabia
1,M VERSTAPPEN,VER,max_verstappen,Red Bull Racing,3671C6,red_bull,Max,Verstappen,Max Verstappen,https://www.formula1.com/content/dam/fom-website/drivers/M/MAXVER01_Max_Verstappen/maxver01.png.transform/1col/image.png,NED,1.0,1,1.0,,,,0 days 01:27:57.940000,Finished,26.0,66.0,Spain
44,L HAMILTON,HAM,hamilton,Mercedes,6CD3BF,mercedes,Lewis,Hamilton,Lewis Hamilton,https://www.formula1.com/content/dam/fom-website/drivers/L/LEWHAM01_Lewis_Hamilton/lewham01.png.transform/1col/image.png,GBR,2.0,2,4.0,,,,0 days 00:00:24.090000,Finished,18.0,66.0,Spain
63,G RUSSELL,RUS,russell,Mercedes,6CD3BF,mercedes,George,Russell,George Russell,https://www.formula1.com/content/dam/fom-website/drivers/G/GEORUS01_George_Russell/georus01.png.transform/1col/image.png,GBR,3.0,3,12.0,,,,0 days 00:00:32.389000,Finished,15.0,66.0,Spain
11,S PEREZ,PER,perez,Red Bull Racing,3671C6,red_bull,Sergio,Perez,Sergio Perez,https://www.formula1.com/content/dam/fom-website/drivers/S/SERPER01_Sergio_Perez/serper01.png.transform/1col/image.png,MEX,4.0,4,11.0,,,,0 days 00:00:35.812000,Finished,12.0,66.0,Spain
55,C SAINZ,SAI,sainz,Ferrari,F91536,ferrari,Carlos,Sainz,Carlos Sainz,https://www.formula1.com/content/dam/fom-website/drivers/C/CARSAI01_Carlos_Sainz/carsai01.png.transform/1col/image.png,ESP,5.0,5,2.0,,,,0 days 00:00:45.698000,Finished,10.0,66.0,Spain
18,L STROLL,STR,stroll,Aston Martin,358C75,aston_martin,Lance,Stroll,Lance Stroll,https://www.formula1.com/content/dam/fom-website/drivers/L/LANSTR01_Lance_Stroll/lanstr01.png.transform/1col/image.png,CAN,6.0,6,5.0,,,,0 days 00:01:03.320000,Finished,8.0,66.0,Spain
14,F ALONSO,ALO,alonso,Aston Martin,358C75,aston_martin,Fernando,Alonso,Fernando Alonso,https://www.formula1.com/content/dam/fom-website/drivers/F/FERALO01_Fernando_Alonso/feralo01.png.transform/1col/image.png,ESP,7.0,7,8.0,,,,0 days 00:01:04.127000,Finished,6.0,66.0,Spain
31,E OCON,OCO,ocon,Alpine,2293D1,alpine,Esteban,Ocon,Esteban Ocon,https://www.formula1.com/content/dam/fom-website/drivers/E/ESTOCO01_Esteban_Ocon/estoco01.png.transform/1col/image.png,FRA,8.0,8,6.0,,,,0 days 00:01:09.242000,Finished,4.0,66.0,Spain
24,G ZHOU,ZHO,zhou,Alfa Romeo,C92D4B,alfa,Guanyu,Zhou,Guanyu Zhou,https://www.formula1.com/content/dam/fom-website/drivers/G/GUAZHO01_Guanyu_Zhou/guazho01.png.transform/1col/image.png,CHN,9.0,9,13.0,,,,0 days 00:01:11.878000,Finished,2.0,66.0,Spain
10,P GASLY,GAS,gasly,Alpine,2293D1,alpine,Pierre,Gasly,Pierre Gasly,https://www.formula1.com/content/dam/fom-website/drivers/P/PIEGAS01_Pierre_Gasly/piegas01.png.transform/1col/image.png,FRA,10.0,10,10.0,,,,0 days 00:01:13.530000,Finished,1.0,66.0,Spain
16,C LECLERC,LEC,leclerc,Ferrari,F91536,ferrari,Charles,Leclerc,Charles Leclerc,https://www.formula1.com/content/dam/fom-website/drivers/C/CHALEC01_Charles_Leclerc/chalec01.png.transform/1col/image.png,MON,11.0,11,19.0,,,,0 days 00:01:14.419000,Finished,0.0,66.0,Spain
22,Y TSUNODA,TSU,tsunoda,AlphaTauri,5E8FAA,alphatauri,Yuki,Tsunoda,Yuki Tsunoda,https://www.formula1.com/content/dam/fom-website/drivers/Y/YUKTSU01_Yuki_Tsunoda/yuktsu01.png.transform/1col/image.png,JPN,12.0,12,15.0,,,,0 days 00:01:15.416000,Finished,0.0,66.0,Spain
81,O PIASTRI,PIA,piastri,McLaren,F58020,mclaren,Oscar,Piastri,Oscar Piastri,https://www.formula1.com/content/dam/fom-website/drivers/O/OSCPIA01_Oscar_Piastri/oscpia01.png.transform/1col/image.png,AUS,13.0,13,9.0,,,,0 days 00:00:04.275000,Lapped,0.0,65.0,Spain
21,N DE VRIES,DEV,de_vries,AlphaTauri,5E8FAA,alphatauri,Nyck,De Vries,Nyck De Vries,https://www.formula1.com/content/dam/fom-website/drivers/N/NYCDEV01_Nyck_De%20Vries/nycdev01.png.transform/1col/image.png,NED,14.0,14,14.0,,,,0 days 00:00:05.327000,Lapped,0.0,65.0,Spain
27,N HULKENBERG,HUL,hulkenberg,Haas F1 Team,B6BABD,haas,Nico,Hulkenberg,Nico Hulkenberg,https://www.formula1.com/content/dam/fom-website/drivers/N/NICHUL01_Nico_Hulkenberg/nichul01.png.transform/1col/image.png,GER,15.0,15,7.0,,,,0 days 00:00:17.297000,Lapped,0.0,65.0,Spain
23,A ALBON,ALB,albon,Williams,37BEDD,williams,Alexander,Albon,Alexander Albon,https://www.formula1.com/content/dam/fom-website/drivers/A/ALEALB01_Alexander_Albon/alealb01.png.transform/1col/image.png,THA,16.0,16,18.0,,,,0 days 00:00:27.708000,Lapped,0.0,65.0,Spain
4,L NORRIS,NOR,norris,McLaren,F58020,mclaren,Lando,Norris,Lando Norris,https://www.formula1.com/content/dam/fom-website/drivers/L/LANNOR01_Lando_Norris/lannor01.png.transform/1col/image.png,GBR,17.0,17,3.0,,,,0 days 00:00:30.390000,Lapped,0.0,65.0,Spain
20,K MAGNUSSEN,MAG,kevin_magnussen,Haas F1 Team,B6BABD,haas,Kevin,Magnussen,Kevin Magnussen,https://www.formula1.com/content/dam/fom-website/drivers/K/KEVMAG01_Kevin_Magnussen/kevmag01.png.transform/1col/image.png,DEN,18.0,18,17.0,,,,0 days 00:00:38.080000,Lapped,0.0,65.0,Spain
77,V BOTTAS,BOT,bottas,Alfa Romeo,C92D4B,alfa,Valtteri,Bottas,Valtteri Bottas,https://www.formula1.com/content/dam/fom-website/drivers/V/VALBOT01_Valtteri_Bottas/valbot01.png.transform/1col/image.png,FIN,19.0,19,16.0,,,,0 days 00:00:49.943000,Lapped,0.0,65.0,Spain
2,L SARGEANT,SAR,sargeant,Williams,37BEDD,williams,Logan,Sargeant,Logan Sargeant,https://www.formula1.com/content/dam/fom-website/drivers/L/LOGSAR01_Logan_Sargeant/logsar01.png.transform/1col/image.png,USA,20.0,20,20.0,,,,0 days 00:00:51.677000,Lapped,0.0,65.0,Spain
